Init_or_Mature,Op Type,Date,Participating Counterparties,Tsy-Submit
Init,RRP,08/01/19,12,6044
Init,RRP,08/02/19,9,3335
Mature,RRP,08/02/19,12,6044
Init,RRP,08/05/19,5,3474
Mature,RRP,08/05/19,9,3335
Init,RRP,08/06/19,4,3410
Mature,RRP,08/06/19,5,3474
Init,RRP,08/07/19,4,3622
Mature,RRP,08/07/19,4,3410
Init,RRP,08/08/19,5,3056
Mature,RRP,08/08/19,4,3622
Init,RRP,08/09/19,4,2720
Mature,RRP,08/09/19,5,3056
Init,RRP,08/12/19,9,5430
Mature,RRP,08/12/19,4,2720
Init,RRP,08/13/19,8,5001
Mature,RRP,08/13/19,9,5430
Init,RRP,08/14/19,10,2744
Mature,RRP,08/14/19,8,5001
Init,RRP,08/15/19,2,3510
Mature,RRP,08/15/19,10,2744
Init,RRP,08/16/19,5,11843
Mature,RRP,08/16/19,2,3510
Init,RRP,08/19/19,5,13403
Mature,RRP,08/19/19,5,11843
Init,RRP,08/20/19,4,15980
Mature,RRP,08/20/19,5,13403
Init,RRP,08/21/19,6,15153
Mature,RRP,08/21/19,4,15980
Init,RRP,08/22/19,5,14611
Mature,RRP,08/22/19,6,15153
Init,RRP,08/23/19,5,9046
Mature,RRP,08/23/19,5,14611
Init,RRP,08/26/19,3,3676
Mature,RRP,08/26/19,5,9046
Init,RRP,08/27/19,3,1555
Mature,RRP,08/27/19,3,3676
Init,RRP,08/28/19,4,4255
Mature,RRP,08/28/19,3,1555
Init,RRP,08/29/19,9,102
Mature,RRP,08/29/19,4,4255
Init,RRP,08/30/19,4,12089
Mature,RRP,08/30/19,9,102
Init,RRP,09/03/19,5,1754
Mature,RRP,09/03/19,4,12089
Init,RRP,09/04/19,4,1425
Mature,RRP,09/04/19,5,1754
Init,RRP,09/05/19,2,1075
Mature,RRP,09/05/19,4,1425
Init,RRP,09/06/19,4,880
Mature,RRP,09/06/19,2,1075
Init,RRP,09/09/19,3,2787
Mature,RRP,09/09/19,4,880
Init,RRP,09/10/19,6,3608
Mature,RRP,09/10/19,3,2787
Init,RRP,09/11/19,3,3612
Mature,RRP,09/11/19,6,3608
Init,RRP,09/12/19,4,3469
Mature,RRP,09/12/19,3,3612
Init,RRP,09/13/19,3,2675
Mature,RRP,09/13/19,4,3469
Init,RRP,09/16/19,3,2202
Mature,RRP,09/16/19,3,2675
Init,RRP,09/17/19,4,1825
Init,RP,09/17/19,0,40850
Mature,RRP,09/17/19,3,2202
Init,RRP,09/18/19,4,18910
Init,RP,09/18/19,0,51550
Mature,RRP,09/18/19,4,1825
Mature,RP,09/18/19,0,40850
Init,RRP,09/19/19,5,5004
Init,RP,09/19/19,0,56325
Mature,RRP,09/19/19,4,18910
Mature,RP,09/19/19,0,51550
Init,RRP,09/20/19,1,7552
Init,RP,09/20/19,0,59600
Mature,RRP,09/20/19,5,5004
Mature,RP,09/20/19,0,56325
Init,RRP,09/23/19,2,7485
Init,RP,09/23/19,0,49700
Mature,RRP,09/23/19,1,7552
Mature,RP,09/23/19,0,59600
Init,RRP,09/24/19,2,101
Init,RP,09/24/19,0,58750
Init,RP,09/24/19,0,36400
Mature,RRP,09/24/19,2,7485
Mature,RP,09/24/19,0,49700
Init,RRP,09/25/19,4,133
Init,RP,09/25/19,0,56300
Mature,RRP,09/25/19,2,101
Mature,RP,09/25/19,0,58750
Init,RRP,09/26/19,7,5180
Init,RP,09/26/19,0,34550
Init,RP,09/26/19,0,43000
Mature,RRP,09/26/19,4,133
Mature,RP,09/26/19,0,56300
Init,RRP,09/27/19,4,5330
Init,RP,09/27/19,0,14450
Init,RP,09/27/19,0,34550
Mature,RRP,09/27/19,7,5180
Mature,RP,09/27/19,0,34550
Init,RRP,09/30/19,8,7057
Init,RP,09/30/19,0,49750
Mature,RRP,09/30/19,4,5330
Mature,RP,09/30/19,0,14450
Init,RRP,10/01/19,18,2706
Init,RP,10/01/19,0,50000
Mature,RRP,10/01/19,8,7057
Mature,RP,10/01/19,0,49750
Init,RRP,10/02/19,6,3054
Init,RP,10/02/19,0,35000
Mature,RRP,10/02/19,18,2706
Mature,RP,10/02/19,0,50000
Init,RRP,10/03/19,22,3297
Init,RP,10/03/19,0,28000
Mature,RRP,10/03/19,6,3054
Mature,RP,10/03/19,0,35000
Init,RRP,10/04/19,2,5325
Init,RP,10/04/19,0,29500
Mature,RRP,10/04/19,22,3297
Mature,RP,10/04/19,0,28000
Init,RRP,10/07/19,2,5650
Init,RP,10/07/19,0,36000
Mature,RRP,10/07/19,2,5325
Mature,RP,10/07/19,0,29500
Init,RRP,10/08/19,3,3976
Init,RP,10/08/19,0,31750
Init,RP,10/08/19,0,29300
Mature,RRP,10/08/19,2,5650
Mature,RP,10/08/19,0,36000
Mature,RP,10/08/19,0,36400
Init,RRP,10/09/19,17,1469
Init,RP,10/09/19,0,26250
Mature,RRP,10/09/19,3,3976
Mature,RP,10/09/19,0,31750
Init,RRP,10/10/19,2,1100
Init,RP,10/10/19,0,37600
Init,RP,10/10/19,0,30700
Mature,RRP,10/10/19,17,1469
Mature,RP,10/10/19,0,26250
Mature,RP,10/10/19,0,43000
Init,RRP,10/11/19,3,2950
Init,RP,10/11/19,0,58350
Init,RP,10/11/19,0,13150
Mature,RRP,10/11/19,2,1100
Mature,RP,10/11/19,0,37600
Mature,RP,10/11/19,0,34550
Init,RRP,10/15/19,3,1726
Init,RP,10/15/19,0,59950
Init,RP,10/15/19,0,10600
Mature,RRP,10/15/19,3,2950
Mature,RP,10/15/19,0,58350
Init,RRP,10/16/19,4,1803
Init,RP,10/16/19,0,74700
Mature,RRP,10/16/19,3,1726
Mature,RP,10/16/19,0,59950
Init,RRP,10/17/19,3,1001
Init,RP,10/17/19,0,67700
Init,RP,10/17/19,0,18150
Mature,RRP,10/17/19,4,1803
Mature,RP,10/17/19,0,74700
Mature,RP,10/17/19,0,13150
Init,RRP,10/18/19,2,20100
Init,RP,10/18/19,0,47950
Mature,RRP,10/18/19,3,1001
Mature,RP,10/18/19,0,67700
Init,RRP,10/21/19,6,18758
Init,RP,10/21/19,0,50950
Mature,RRP,10/21/19,2,20100
Mature,RP,10/21/19,0,47950
Init,RRP,10/22/19,2,20700
Init,RP,10/22/19,0,54404
Init,RP,10/22/19,0,39900
Mature,RRP,10/22/19,6,18758
Mature,RP,10/22/19,0,50950
Mature,RP,10/22/19,0,29300
Init,RRP,10/23/19,3,18290
Init,RP,10/23/19,0,42254
Mature,RRP,10/23/19,2,20700
Mature,RP,10/23/19,0,54404
Init,RRP,10/24/19,1,425
Init,RP,10/24/19,0,71154
Init,RP,10/24/19,0,47550
Mature,RRP,10/24/19,3,18290
Mature,RP,10/24/19,0,42254
Mature,RP,10/24/19,0,30700
Init,RRP,10/25/19,1,5
Init,RP,10/25/19,0,67593
Mature,RRP,10/25/19,1,425
Mature,RP,10/25/19,0,71154
Init,RRP,10/28/19,3,36
Init,RP,10/28/19,0,66833
Mature,RRP,10/28/19,1,5
Mature,RP,10/28/19,0,67593
Init,RRP,10/29/19,3,81
Init,RP,10/29/19,0,50483
Init,RP,10/29/19,0,27650
Mature,RRP,10/29/19,3,36
Mature,RP,10/29/19,0,66833
Mature,RP,10/29/19,0,10600
Init,RRP,10/30/19,2,196
Init,RP,10/30/19,0,49600
Mature,RRP,10/30/19,3,81
Mature,RP,10/30/19,0,50483
Init,RRP,10/31/19,3,2851
Init,RP,10/31/19,0,55283
Mature,RRP,10/31/19,2,196
Mature,RP,10/31/19,0,49600
Init,RRP,11/01/19,2,2100
Init,RP,11/01/19,0,61383
Init,RP,11/01/19,0,21500
Mature,RRP,11/01/19,3,2851
Mature,RP,11/01/19,0,55283
Mature,RP,11/01/19,0,18150
Init,RRP,11/04/19,5,3085
Init,RP,11/04/19,0,66833
Mature,RRP,11/04/19,2,2100
Mature,RP,11/04/19,0,61383
Init,RRP,11/05/19,4,1836
Init,RP,11/05/19,0,63293
Init,RP,11/05/19,0,26650
Mature,RRP,11/05/19,5,3085
Mature,RP,11/05/19,0,66833
Mature,RP,11/05/19,0,39900
Init,RRP,11/06/19,2,1650
Init,RP,11/06/19,0,55042
Init,RP,11/06/19,0,24
Mature,RRP,11/06/19,4,1836
Mature,RP,11/06/19,0,63293
Init,RRP,11/07/19,7,1055
Init,RP,11/07/19,0,71342
Init,RP,11/07/19,0,29950
Mature,RRP,11/07/19,2,1650
Mature,RP,11/07/19,0,55042
Mature,RP,11/07/19,0,47550
Init,RRP,11/08/19,6,805
Init,RP,11/08/19,0,63543
Mature,RRP,11/08/19,7,1055
Mature,RP,11/08/19,0,71342
Mature,RP,11/08/19,0,24
Init,RRP,11/12/19,2,1301
Init,RP,11/12/19,0,65693
Init,RP,11/12/19,0,19450
Mature,RRP,11/12/19,6,805
Mature,RP,11/12/19,0,63543
Mature,RP,11/12/19,0,27650
Init,RRP,11/13/19,2,1762
Init,RP,11/13/19,0,67843
Mature,RRP,11/13/19,2,1301
Mature,RP,11/13/19,0,65693
Init,RRP,11/14/19,9,1867
Init,RP,11/14/19,0,62043
Init,RP,11/14/19,0,23750
Mature,RRP,11/14/19,2,1762
Mature,RP,11/14/19,0,67843
Mature,RP,11/14/19,0,21500
Init,RRP,11/15/19,2,2
Init,RP,11/15/19,0,61043
Mature,RRP,11/15/19,9,1867
Mature,RP,11/15/19,0,62043
Init,RRP,11/18/19,6,27055
Init,RP,11/18/19,0,55543
Mature,RRP,11/18/19,2,2
Mature,RP,11/18/19,0,61043
Init,RRP,11/19/19,4,26726
Init,RRP,11/19/19,71,0
Init,RP,11/19/19,0,66500
Init,RP,11/19/19,0,20543
Mature,RRP,11/19/19,6,27055
Mature,RP,11/19/19,0,55543
Mature,RP,11/19/19,0,26650
Init,RRP,11/20/19,4,26026
Init,RP,11/20/19,0,63600
Mature,RRP,11/20/19,4,26726
Mature,RP,11/20/19,0,66500
Init,RRP,11/21/19,9,25719
Init,RP,11/21/19,0,60500
Init,RP,11/21/19,0,22250
Mature,RRP,11/21/19,4,26026
Mature,RP,11/21/19,0,63600
Mature,RRP,11/21/19,71,0
Mature,RP,11/21/19,0,29950
Init,RRP,11/22/19,1,375
Init,RP,11/22/19,0,64400
Mature,RRP,11/22/19,9,25719
Mature,RP,11/22/19,0,60500
Init,RRP,11/25/19,0,0
Init,RP,11/25/19,0,55500
Init,RP,11/25/19,0,33550
Mature,RRP,11/25/19,1,375
Mature,RP,11/25/19,0,64400
Init,RRP,11/26/19,2,2205
Init,RP,11/26/19,0,56250
Init,RP,11/26/19,0,13450
Mature,RRP,11/26/19,0,0
Mature,RP,11/26/19,0,55500
Mature,RP,11/26/19,0,19450
Init,RRP,11/27/19,3,506
Init,RP,11/27/19,0,64750
Init,RP,11/27/19,0,10000
Mature,RRP,11/27/19,2,2205
Mature,RP,11/27/19,0,56250
Mature,RP,11/27/19,0,23750
Init,RRP,11/29/19,2,750
Init,RP,11/29/19,0,61550
Mature,RRP,11/29/19,3,506
Mature,RP,11/29/19,0,64750
Init,RRP,12/02/19,2,15
Init,RP,12/02/19,0,52950
Init,RP,12/02/19,0,29750
Mature,RRP,12/02/19,2,750
Mature,RP,12/02/19,0,61550
Init,RRP,12/03/19,2,151
Init,RP,12/03/19,0,65500
Init,RP,12/03/19,0,10757
Mature,RRP,12/03/19,2,15
Mature,RP,12/03/19,0,52950
Mature,RP,12/03/19,0,20543
Init,RRP,12/04/19,0,0
Init,RP,12/04/19,0,54900
Mature,RRP,12/04/19,2,151
Mature,RP,12/04/19,0,65500
Init,RRP,12/05/19,1,1
Init,RP,12/05/19,0,61250
Init,RP,12/05/19,0,17800
Mature,RRP,12/05/19,0,0
Mature,RP,12/05/19,0,54900
Mature,RP,12/05/19,0,22250
Init,RRP,12/06/19,1,1000
Init,RP,12/06/19,0,56100
Mature,RRP,12/06/19,1,1
Mature,RP,12/06/19,0,61250
Init,RRP,12/09/19,1,115
Init,RP,12/09/19,0,40350
Init,RP,12/09/19,0,29800
Mature,RRP,12/09/19,1,1000
Mature,RP,12/09/19,0,56100
Init,RRP,12/10/19,1,1
Init,RP,12/10/19,0,27350
Init,RP,12/10/19,0,25000
Mature,RRP,12/10/19,1,115
Mature,RP,12/10/19,0,40350
Mature,RP,12/10/19,0,13450
Init,RRP,12/11/19,2,605
Init,RP,12/11/19,0,25350
Mature,RRP,12/11/19,1,1
Mature,RP,12/11/19,0,27350
Init,RRP,12/12/19,2,600
Init,RP,12/12/19,0,37350
Init,RP,12/12/19,0,8000
Mature,RRP,12/12/19,2,605
Mature,RP,12/12/19,0,25350
Mature,RP,12/12/19,0,10000
Init,RRP,12/13/19,0,0
Init,RP,12/13/19,0,35350
Mature,RRP,12/13/19,2,600
Mature,RP,12/13/19,0,37350
Init,RRP,12/16/19,7,1328
Init,RP,12/16/19,0,23500
Init,RP,12/16/19,0,29850
Mature,RRP,12/16/19,0,0
Mature,RP,12/16/19,0,35350
Init,RRP,12/17/19,3,826
Init,RP,12/17/19,0,28900
Init,RP,12/17/19,0,6100
Mature,RRP,12/17/19,7,1328
Mature,RP,12/17/19,0,23500
Mature,RP,12/17/19,0,10757
Init,RRP,12/18/19,17,13362
Init,RP,12/18/19,0,24
Init,RP,12/18/19,0,17250
Mature,RRP,12/18/19,3,826
Mature,RP,12/18/19,0,28900
Init,RRP,12/19/19,4,8936
Init,RP,12/19/19,0,15750
Init,RP,12/19/19,0,16869
Mature,RRP,12/19/19,17,13362
Mature,RP,12/19/19,0,24
Mature,RP,12/19/19,0,17250
Mature,RP,12/19/19,0,17800
Init,RRP,12/20/19,4,13051
Init,RP,12/20/19,0,16750
Mature,RRP,12/20/19,4,8936
Mature,RP,12/20/19,0,15750
Init,RRP,12/23/19,3,7652
Init,RP,12/23/19,0,11250
Init,RP,12/23/19,0,13850
Mature,RRP,12/23/19,4,13051
Mature,RP,12/23/19,0,16750
Mature,RP,12/23/19,0,25000
Init,RRP,12/24/19,8,4423
Init,RP,12/24/19,0,9500
Mature,RRP,12/24/19,3,7652
Mature,RP,12/24/19,0,11250
Init,RRP,12/26/19,5,3192
Init,RP,12/26/19,0,13000
Init,RP,12/26/19,0,8250
Mature,RRP,12/26/19,8,4423
Mature,RP,12/26/19,0,9500
Mature,RP,12/26/19,0,8000
Init,RRP,12/27/19,3,825
Init,RP,12/27/19,0,15000
Mature,RRP,12/27/19,5,3192
Mature,RP,12/27/19,0,13000
Init,RRP,12/30/19,9,6525
Init,RP,12/30/19,0,15500
Init,RP,12/30/19,0,6050
Mature,RRP,12/30/19,3,825
Mature,RP,12/30/19,0,15000
Mature,RP,12/30/19,0,6100
Init,RRP,12/31/19,45,64087
Init,RP,12/31/19,0,15250
Init,RP,12/31/19,0,7400
Mature,RRP,12/31/19,9,6525
Mature,RP,12/31/19,0,15500
Init,RRP,01/02/20,2,3100
Init,RP,01/02/20,0,15250
Init,RP,01/02/20,0,17168
Mature,RRP,01/02/20,45,64087
Mature,RP,01/02/20,0,15250
Mature,RP,01/02/20,0,7400
Mature,RP,01/02/20,0,16869
Init,RRP,01/03/20,3,4251
Init,RP,01/03/20,0,31300
Mature,RRP,01/03/20,2,3100
Mature,RP,01/03/20,0,15250
Init,RRP,01/06/20,2,3825
Init,RP,01/06/20,0,44900
Mature,RRP,01/06/20,3,4251
Mature,RP,01/06/20,0,31300
Mature,RP,01/06/20,0,29800
Mature,RP,01/06/20,0,33550
Init,RRP,01/07/20,4,1602
Init,RP,01/07/20,0,41500
Init,RP,01/07/20,0,30700
Mature,RRP,01/07/20,2,3825
Mature,RP,01/07/20,0,44900
Mature,RP,01/07/20,0,13850
Init,RRP,01/08/20,2,876
Init,RP,01/08/20,0,30550
Mature,RRP,01/08/20,4,1602
Mature,RP,01/08/20,0,41500
Init,RRP,01/09/20,2,401
Init,RP,01/09/20,0,24200
Init,RP,01/09/20,0,23300
Mature,RRP,01/09/20,2,876
Mature,RP,01/09/20,0,30550
Mature,RP,01/09/20,0,8250
Init,RRP,01/10/20,3,627
Init,RP,01/10/20,0,23000
Mature,RRP,01/10/20,2,401
Mature,RP,01/10/20,0,24200
Init,RRP,01/13/20,2,1000
Init,RP,01/13/20,0,30500
Mature,RRP,01/13/20,3,627
Mature,RP,01/13/20,0,23000
Mature,RP,01/13/20,0,29750
Init,RRP,01/14/20,8,656
Init,RP,01/14/20,0,22500
Init,RP,01/14/20,0,27650
Mature,RRP,01/14/20,2,1000
Mature,RP,01/14/20,0,30500
Mature,RP,01/14/20,0,6050
Init,RRP,01/15/20,1,675
Init,RP,01/15/20,0,26500
Mature,RRP,01/15/20,8,656
Mature,RP,01/15/20,0,22500
Init,RRP,01/16/20,1,300
Init,RP,01/16/20,0,18300
Init,RP,01/16/20,0,20250
Mature,RRP,01/16/20,1,675
Mature,RP,01/16/20,0,26500
Mature,RP,01/16/20,0,17168
Init,RRP,01/17/20,1,16150
Init,RP,01/17/20,0,10880
Mature,RRP,01/17/20,1,300
Mature,RP,01/17/20,0,18300
Mature,RP,01/17/20,0,29850
Init,RRP,01/21/20,3,13381
Init,RP,01/21/20,0,24750
Init,RP,01/21/20,0,13750
Mature,RRP,01/21/20,1,16150
Mature,RP,01/21/20,0,10880
Mature,RP,01/21/20,0,30700
Init,RRP,01/22/20,5,15604
Init,RP,01/22/20,0,31450
Mature,RRP,01/22/20,3,13381
Mature,RP,01/22/20,0,24750
Init,RRP,01/23/20,6,12904
Init,RP,01/23/20,0,22550
Init,RP,01/23/20,0,16500
Mature,RRP,01/23/20,5,15604
Mature,RP,01/23/20,0,31450
Mature,RP,01/23/20,0,23300
Init,RRP,01/24/20,0,0
Init,RP,01/24/20,0,28500
Mature,RRP,01/24/20,6,12904
Mature,RP,01/24/20,0,22550
Init,RRP,01/27/20,2,2
Init,RP,01/27/20,0,26500
Mature,RRP,01/27/20,0,0
Mature,RP,01/27/20,0,28500
Init,RRP,01/28/20,2,2
Init,RP,01/28/20,0,37150
Init,RP,01/28/20,0,16350
Mature,RRP,01/28/20,2,2
Mature,RP,01/28/20,0,26500
Mature,RP,01/28/20,0,27650
Init,RRP,01/29/20,1,300
Init,RP,01/29/20,0,32475
Mature,RRP,01/29/20,2,2
Mature,RP,01/29/20,0,37150
Init,RRP,01/30/20,9,4140
Init,RP,01/30/20,0,28175
Init,RP,01/30/20,0,14000
Mature,RRP,01/30/20,1,300
Mature,RP,01/30/20,0,32475
Mature,RP,01/30/20,0,20250
Init,RRP,01/31/20,1,4500
Init,RP,01/31/20,0,28202
Mature,RRP,01/31/20,9,4140
Mature,RP,01/31/20,0,28175
Init,RRP,02/03/20,2,6160
Init,RP,02/03/20,0,38300
Mature,RRP,02/03/20,1,4500
Mature,RP,02/03/20,0,28202
Init,RRP,02/04/20,14,2112
Init,RP,02/04/20,0,32350
Init,RP,02/04/20,0,41750
Mature,RRP,02/04/20,2,6160
Mature,RP,02/04/20,0,38300
Mature,RP,02/04/20,0,13750
Init,RRP,02/05/20,14,4112
Init,RP,02/05/20,0,24300
Mature,RRP,02/05/20,14,2112
Mature,RP,02/05/20,0,32350
Init,RRP,02/06/20,5,403
Init,RP,02/06/20,0,20900
Init,RP,02/06/20,0,35750
Mature,RRP,02/06/20,14,4112
Mature,RP,02/06/20,0,24300
Mature,RP,02/06/20,0,16500
Init,RRP,02/07/20,1,1100
Init,RP,02/07/20,0,18350
Mature,RRP,02/07/20,5,403
Mature,RP,02/07/20,0,20900
Init,RRP,02/10/20,3,830
Init,RP,02/10/20,0,17250
Mature,RRP,02/10/20,1,1100
Mature,RP,02/10/20,0,18350
Init,RRP,02/11/20,4,228
Init,RP,02/11/20,0,12315
Init,RP,02/11/20,0,40400
Mature,RRP,02/11/20,3,830
Mature,RP,02/11/20,0,17250
Mature,RP,02/11/20,0,16350
Init,RRP,02/12/20,10,309
Init,RP,02/12/20,0,12300
Mature,RRP,02/12/20,4,228
Mature,RP,02/12/20,0,12315
Init,RRP,02/13/20,1,450
Init,RP,02/13/20,0,17950
Init,RP,02/13/20,0,41770
Mature,RRP,02/13/20,10,309
Mature,RP,02/13/20,0,12300
Mature,RP,02/13/20,0,14000
Init,RRP,02/14/20,0,0
Init,RP,02/14/20,0,23350
Mature,RRP,02/14/20,1,450
Mature,RP,02/14/20,0,17950
Init,RRP,02/18/20,8,9454
Init,RP,02/18/20,0,27500
Init,RP,02/18/20,0,30500
Mature,RRP,02/18/20,0,0
Mature,RP,02/18/20,0,23350
Mature,RP,02/18/20,0,41750
Init,RRP,02/19/20,95,95
Init,RRP,02/19/20,7,5054
Init,RP,02/19/20,0,25500
Mature,RRP,02/19/20,8,9454
Mature,RP,02/19/20,0,27500
Init,RRP,02/20/20,1,3600
Init,RP,02/20/20,0,20650
Init,RP,02/20/20,0,23900
Mature,RRP,02/20/20,95,95
Mature,RRP,02/20/20,7,5054
Mature,RP,02/20/20,0,25500
Mature,RP,02/20/20,0,35750
Init,RRP,02/21/20,9,4532
Init,RP,02/21/20,0,16350
Mature,RRP,02/21/20,1,3600
Mature,RP,02/21/20,0,20650
Init,RRP,02/24/20,3,592
Init,RP,02/24/20,0,17850
Mature,RRP,02/24/20,9,4532
Mature,RP,02/24/20,0,16350
Init,RRP,02/25/20,3,111
Init,RP,02/25/20,0,24510
Init,RP,02/25/20,0,35000
Mature,RRP,02/25/20,3,592
Mature,RP,02/25/20,0,17850
Mature,RP,02/25/20,0,40400
Init,RRP,02/26/20,2,2300
Init,RP,02/26/20,0,17090
Mature,RRP,02/26/20,3,111
Mature,RP,02/26/20,0,24510
Init,RRP,02/27/20,1,275
Init,RP,02/27/20,0,12540
Init,RP,02/27/20,0,36600
Mature,RRP,02/27/20,2,2300
Mature,RP,02/27/20,0,17090
Mature,RP,02/27/20,0,41770
Init,RRP,02/28/20,2,2187
Init,RP,02/28/20,0,8190
Mature,RRP,02/28/20,1,275
Mature,RP,02/28/20,0,12540
Init,RRP,03/02/20,2,2525
Init,RP,03/02/20,0,28140
Mature,RRP,03/02/20,2,2187
Mature,RP,03/02/20,0,8190
Init,RRP,03/03/20,3,627
Init,RP,03/03/20,0,69558
Init,RP,03/03/20,0,47150
Mature,RRP,03/03/20,2,2525
Mature,RP,03/03/20,0,28140
Mature,RP,03/03/20,0,30500
Init,RRP,03/04/20,3,5025
Init,RP,03/04/20,0,89578
Mature,RRP,03/04/20,3,627
Mature,RP,03/04/20,0,69558
Init,RRP,03/05/20,2,850
Init,RP,03/05/20,0,68107
Init,RP,03/05/20,0,45250
Mature,RRP,03/05/20,3,5025
Mature,RP,03/05/20,0,89578
Mature,RP,03/05/20,0,23900
Init,RRP,03/06/20,8,2930
Init,RP,03/06/20,0,65257
Mature,RRP,03/06/20,2,850
Mature,RP,03/06/20,0,68107
Init,RRP,03/09/20,5,2504
Init,RP,03/09/20,0,73982
Mature,RRP,03/09/20,8,2930
Mature,RP,03/09/20,0,65257
Init,RRP,03/10/20,2,151
Init,RP,03/10/20,0,95225
Init,RP,03/10/20,0,64800
Mature,RRP,03/10/20,5,2504
Mature,RP,03/10/20,0,73982
Mature,RP,03/10/20,0,35000
Init,RRP,03/11/20,3,1325
Init,RP,03/11/20,0,94875
Mature,RRP,03/11/20,2,151
Mature,RP,03/11/20,0,95225
Init,RRP,03/12/20,3,21050
Init,RP,03/12/20,0,73250
Init,RP,03/12/20,0,70750
Init,RP,03/12/20,0,58250
Mature,RRP,03/12/20,3,1325
Mature,RP,03/12/20,0,94875
Mature,RP,03/12/20,0,36600
Init,RRP,03/13/20,1,15100
Init,RP,03/13/20,0,22750
Init,RP,03/13/20,0,15650
Init,RP,03/13/20,0,3000
Init,RP,03/13/20,0,39050
Mature,RRP,03/13/20,3,21050
Mature,RP,03/13/20,0,73250
Init,RP,03/16/20,0,14050
Init,RRP,03/16/20,6,1425
Init,RP,03/16/20,0,86750
Init,RP,03/16/20,0,5450
Mature,RRP,03/16/20,1,15100
Mature,RP,03/16/20,0,22750
Init,RP,03/17/20,0,4600
Init,RRP,03/17/20,8,5700
Init,RP,03/17/20,0,85550
Init,RP,03/17/20,0,38350
Mature,RP,03/17/20,0,14050
Mature,RRP,03/17/20,6,1425
Mature,RP,03/17/20,0,86750
Mature,RP,03/17/20,0,47150
Init,RP,03/18/20,0,8550
Init,RRP,03/18/20,4,477
Init,RP,03/18/20,0,43475
Mature,RP,03/18/20,0,4600
Mature,RRP,03/18/20,8,5700
Mature,RP,03/18/20,0,85550
Init,RP,03/19/20,0,7500
Init,RRP,03/19/20,5,1195
Init,RP,03/19/20,0,21240
Init,RP,03/19/20,0,3000
Mature,RP,03/19/20,0,8550
Mature,RRP,03/19/20,4,477
Mature,RP,03/19/20,0,43475
Mature,RP,03/19/20,0,45250
Init,RP,03/20/20,0,50
Init,RRP,03/20/20,8,12203
Init,RP,03/20/20,0,3500
Init,RP,03/20/20,0,14000
Mature,RP,03/20/20,0,7500
Mature,RRP,03/20/20,5,1195
Mature,RP,03/20/20,0,21240
Init,RP,03/23/20,0,0
Init,RRP,03/23/20,17,26944
Init,RP,03/23/20,0,11500
Init,RP,03/23/20,0,0
Mature,RP,03/23/20,0,50
Mature,RRP,03/23/20,8,12203
Mature,RP,03/23/20,0,3500
Init,RP,03/24/20,0,0
Init,RRP,03/24/20,24,41516
Init,RP,03/24/20,0,10500
Init,RP,03/24/20,0,4250
Mature,RP,03/24/20,0,0
Mature,RRP,03/24/20,17,26944
Mature,RP,03/24/20,0,11500
Mature,RP,03/24/20,0,64800
Init,RP,03/25/20,0,0
Init,RRP,03/25/20,28,97411
Init,RP,03/25/20,0,0
Mature,RP,03/25/20,0,0
Mature,RRP,03/25/20,24,41516
Mature,RP,03/25/20,0,10500
Init,RP,03/26/20,0,10000
Init,RRP,03/26/20,35,138480
Init,RP,03/26/20,0,2000
Init,RP,03/26/20,0,2750
Mature,RP,03/26/20,0,0
Mature,RRP,03/26/20,28,97411
Mature,RP,03/26/20,0,0
Mature,RP,03/26/20,0,70750
Init,RP,03/27/20,0,5000
Init,RRP,03/27/20,43,210794
Init,RP,03/27/20,0,1500
Init,RP,03/27/20,0,0
Mature,RP,03/27/20,0,10000
Mature,RRP,03/27/20,35,138480
Mature,RP,03/27/20,0,2000
Init,RP,03/30/20,0,0
Init,RRP,03/30/20,44,237497
Init,RP,03/30/20,0,500
Init,RP,03/30/20,0,0
Mature,RP,03/30/20,0,5000
Mature,RRP,03/30/20,43,210794
Mature,RP,03/30/20,0,1500
Init,RP,03/31/20,0,325
Init,RRP,03/31/20,53,284908
Init,RP,03/31/20,0,0
Init,RP,03/31/20,0,0
Mature,RP,03/31/20,0,0
Mature,RRP,03/31/20,44,237497
Mature,RP,03/31/20,0,500
Mature,RP,03/31/20,0,38350
Init,RP,04/01/20,0,550
Init,RRP,04/01/20,37,207828
Init,RP,04/01/20,0,0
Mature,RP,04/01/20,0,325
Mature,RRP,04/01/20,53,284908
Mature,RP,04/01/20,0,0
Init,RP,04/02/20,0,700
Init,RRP,04/02/20,39,182627
Init,RP,04/02/20,0,0
Init,RP,04/02/20,0,0
Mature,RP,04/02/20,0,550
Mature,RRP,04/02/20,37,207828
Mature,RP,04/02/20,0,0
Mature,RP,04/02/20,0,3000
Init,RP,04/03/20,0,200
Init,RRP,04/03/20,34,148117
Init,RP,04/03/20,0,0
Init,RP,04/03/20,0,0
Mature,RP,04/03/20,0,700
Mature,RRP,04/03/20,39,182627
Mature,RP,04/03/20,0,0
Init,RP,04/06/20,0,12500
Init,RRP,04/06/20,35,144294
Init,RP,04/06/20,0,0
Init,RP,04/06/20,0,3200
Mature,RP,04/06/20,0,200
Mature,RRP,04/06/20,34,148117
Mature,RP,04/06/20,0,0
Mature,RP,04/06/20,0,2750
Mature,RP,04/06/20,0,4250
Mature,RP,04/06/20,0,58250
Init,RP,04/07/20,0,10400
Init,RRP,04/07/20,26,88360
Init,RP,04/07/20,0,0
Mature,RP,04/07/20,0,12500
Mature,RRP,04/07/20,35,144294
Mature,RP,04/07/20,0,0
Init,RP,04/08/20,0,5500
Init,RRP,04/08/20,17,53483
Init,RP,04/08/20,0,650
Mature,RP,04/08/20,0,10400
Mature,RRP,04/08/20,26,88360
Mature,RP,04/08/20,0,0
Init,RP,04/09/20,0,11150
Init,RRP,04/09/20,4,5525
Init,RP,04/09/20,0,1000
Init,RP,04/09/20,0,0
Mature,RP,04/09/20,0,5500
Mature,RRP,04/09/20,17,53483
Mature,RP,04/09/20,0,650
Init,RP,04/13/20,0,9500
Init,RRP,04/13/20,3,6100
Init,RP,04/13/20,0,12000
Init,RP,04/13/20,0,1000
Mature,RP,04/13/20,0,11150
Mature,RRP,04/13/20,4,5525
Mature,RP,04/13/20,0,1000
Mature,RP,04/13/20,0,0
Mature,RP,04/13/20,0,0
Mature,RP,04/13/20,0,5450
Mature,RP,04/13/20,0,15650
Init,RP,04/14/20,0,8000
Init,RRP,04/14/20,13,9900
Init,RP,04/14/20,0,11100
Mature,RP,04/14/20,0,9500
Mature,RRP,04/14/20,3,6100
Mature,RP,04/14/20,0,12000
Init,RP,04/15/20,0,8800
Init,RRP,04/15/20,6,3150
Init,RP,04/15/20,0,10500
Mature,RP,04/15/20,0,8000
Mature,RRP,04/15/20,13,9900
Mature,RP,04/15/20,0,11100
Init,RP,04/16/20,0,14900
Init,RRP,04/16/20,3,1525
Init,RP,04/16/20,0,7500
Mature,RP,04/16/20,0,8800
Mature,RRP,04/16/20,6,3150
Mature,RP,04/16/20,0,10500
Init,RP,04/17/20,0,9100
Init,RRP,04/17/20,3,1726
Init,RP,04/17/20,0,500
Mature,RP,04/17/20,0,14900
Mature,RRP,04/17/20,3,1525
Mature,RP,04/17/20,0,7500
Init,RP,04/20/20,0,5000
Init,RRP,04/20/20,14,31000
Init,RP,04/20/20,0,0
Init,RP,04/20/20,0,1100
Mature,RP,04/20/20,0,9100
Mature,RRP,04/20/20,3,1726
Mature,RP,04/20/20,0,500
Mature,RP,04/20/20,0,0
Init,RP,04/21/20,0,0
Init,RRP,04/21/20,13,12528
Init,RP,04/21/20,0,0
Mature,RP,04/21/20,0,5000
Mature,RRP,04/21/20,14,31000
Mature,RP,04/21/20,0,0
Init,RP,04/22/20,0,0
Init,RRP,04/22/20,9,10825
Init,RP,04/22/20,0,0
Mature,RP,04/22/20,0,0
Mature,RRP,04/22/20,13,12528
Mature,RP,04/22/20,0,0
Init,RP,04/23/20,0,800
Init,RRP,04/23/20,4,1450
Init,RP,04/23/20,0,0
Mature,RP,04/23/20,0,0
Mature,RRP,04/23/20,9,10825
Mature,RP,04/23/20,0,0
Init,RP,04/24/20,0,0
Init,RRP,04/24/20,1,1500
Init,RP,04/24/20,0,1500
Init,RP,04/24/20,0,0
Mature,RP,04/24/20,0,800
Mature,RRP,04/24/20,4,1450
Mature,RP,04/24/20,0,0
Init,RP,04/27/20,0,0
Init,RRP,04/27/20,13,16476
Init,RP,04/27/20,0,0
Init,RP,04/27/20,0,200
Mature,RP,04/27/20,0,0
Mature,RRP,04/27/20,1,1500
Mature,RP,04/27/20,0,1500
Mature,RP,04/27/20,0,0
Init,RP,04/28/20,0,0
Init,RRP,04/28/20,6,7131
Init,RP,04/28/20,0,0
Mature,RP,04/28/20,0,0
Mature,RRP,04/28/20,13,16476
Mature,RP,04/28/20,0,0
Init,RP,04/29/20,0,0
Init,RRP,04/29/20,3,1450
Init,RP,04/29/20,0,0
Mature,RP,04/29/20,0,0
Mature,RRP,04/29/20,6,7131
Mature,RP,04/29/20,0,0
Init,RP,04/30/20,0,2250
Init,RRP,04/30/20,2,1775
Init,RP,04/30/20,0,0
Mature,RP,04/30/20,0,0
Mature,RRP,04/30/20,3,1450
Mature,RP,04/30/20,0,0
Init,RP,05/01/20,0,4000
Init,RRP,05/01/20,2,251
Init,RP,05/01/20,0,0
Mature,RP,05/01/20,0,2250
Mature,RRP,05/01/20,2,1775
Mature,RP,05/01/20,0,0
Init,RRP,05/04/20,8,4850
Init,RP,05/04/20,0,6000
Init,RP,05/04/20,0,500
Mature,RP,05/04/20,0,4000
Mature,RRP,05/04/20,2,251
Mature,RP,05/04/20,0,0
Mature,RP,05/04/20,0,3200
Init,RRP,05/05/20,2,1925
Init,RP,05/05/20,0,6000
Mature,RRP,05/05/20,8,4850
Mature,RP,05/05/20,0,6000
Init,RRP,05/06/20,2,1175
Init,RP,05/06/20,0,6500
Mature,RRP,05/06/20,2,1925
Mature,RP,05/06/20,0,6000
Init,RRP,05/07/20,8,982
Init,RP,05/07/20,0,16750
Mature,RRP,05/07/20,2,1175
Mature,RP,05/07/20,0,6500
Init,RRP,05/08/20,3,680
Init,RP,05/08/20,0,15000
Init,RP,05/08/20,0,0
Mature,RRP,05/08/20,8,982
Mature,RP,05/08/20,0,16750
Init,RRP,05/11/20,4,123
Init,RP,05/11/20,0,20500
Init,RP,05/11/20,0,0
Mature,RRP,05/11/20,3,680
Mature,RP,05/11/20,0,15000
Mature,RP,05/11/20,0,1000
Init,RRP,05/12/20,6,825
Init,RP,05/12/20,0,24250
Mature,RRP,05/12/20,4,123
Mature,RP,05/12/20,0,20500
Init,RRP,05/13/20,10,13825
Init,RP,05/13/20,0,500
Mature,RRP,05/13/20,6,825
Mature,RP,05/13/20,0,24250
Init,RRP,05/14/20,5,133
Init,RP,05/14/20,0,7000
Mature,RRP,05/14/20,10,13825
Mature,RP,05/14/20,0,500
Init,RRP,05/15/20,6,1150
Init,RP,05/15/20,0,8500
Mature,RRP,05/15/20,5,133
Mature,RP,05/15/20,0,7000
Init,RRP,05/18/20,5,578
Init,RP,05/18/20,0,0
Init,RP,05/18/20,0,500
Mature,RRP,05/18/20,6,1150
Mature,RP,05/18/20,0,8500
Mature,RP,05/18/20,0,1100
Init,RRP,05/19/20,1,90
Init,RP,05/19/20,0,0
Mature,RRP,05/19/20,5,578
Mature,RP,05/19/20,0,0
Init,RRP,05/20/20,8,9726
Init,RP,05/20/20,0,0
Mature,RRP,05/20/20,1,90
Mature,RP,05/20/20,0,0
Init,RRP,05/21/20,3,3
Init,RP,05/21/20,0,0
Mature,RRP,05/21/20,8,9726
Mature,RP,05/21/20,0,0
Init,RRP,05/22/20,1,1
Init,RP,05/22/20,0,500
Mature,RRP,05/22/20,3,3
Mature,RP,05/22/20,0,0
Init,RRP,05/26/20,1,1
Init,RP,05/26/20,0,11500
Init,RP,05/26/20,0,1300
Mature,RRP,05/26/20,1,1
Mature,RP,05/26/20,0,500
Mature,RP,05/26/20,0,200
Init,RRP,05/27/20,3,4326
Init,RP,05/27/20,0,6250
Mature,RRP,05/27/20,1,1
Mature,RP,05/27/20,0,11500
Init,RRP,05/28/20,0,0
Init,RP,05/28/20,0,7500
Mature,RRP,05/28/20,3,4326
Mature,RP,05/28/20,0,6250
Init,RRP,05/29/20,1,1325
Init,RP,05/29/20,0,0
Mature,RRP,05/29/20,0,0
Mature,RP,05/29/20,0,7500
Init,RRP,06/01/20,0,0
Init,RP,06/01/20,0,4000
Init,RP,06/01/20,0,0
Mature,RRP,06/01/20,1,1325
Mature,RP,06/01/20,0,0
Mature,RP,06/01/20,0,500
Init,RRP,06/02/20,14,2013
Init,RP,06/02/20,0,13750
Mature,RRP,06/02/20,0,0
Mature,RP,06/02/20,0,4000
Init,RRP,06/03/20,13,13
Init,RP,06/03/20,0,10750
Mature,RRP,06/03/20,14,2013
Mature,RP,06/03/20,0,13750
Init,RRP,06/04/20,0,0
Init,RP,06/04/20,0,16500
Mature,RRP,06/04/20,13,13
Mature,RP,06/04/20,0,10750
Init,RRP,06/05/20,0,0
Init,RP,06/05/20,0,45000
Mature,RRP,06/05/20,0,0
Mature,RP,06/05/20,0,16500
Mature,RP,06/05/20,0,3000
Mature,RP,06/05/20,0,39050
Init,RRP,06/08/20,0,0
Init,RP,06/08/20,0,21500
Init,RP,06/08/20,0,16700
Mature,RRP,06/08/20,0,0
Mature,RP,06/08/20,0,45000
Mature,RP,06/08/20,0,0
Init,RRP,06/09/20,3,1252
Init,RP,06/09/20,0,22500
Mature,RRP,06/09/20,0,0
Mature,RP,06/09/20,0,21500
Init,RRP,06/10/20,12,12
Init,RP,06/10/20,0,19250
Mature,RRP,06/10/20,3,1252
Mature,RP,06/10/20,0,22500
Init,RRP,06/11/20,1,375
Init,RP,06/11/20,0,10250
Mature,RRP,06/11/20,12,12
Mature,RP,06/11/20,0,19250
Init,RRP,06/12/20,0,0
Init,RP,06/12/20,0,18250
Mature,RRP,06/12/20,1,375
Mature,RP,06/12/20,0,10250
Mature,RP,06/12/20,0,14000
Init,RRP,06/15/20,3,3
Init,RP,06/15/20,0,14750
Mature,RRP,06/15/20,0,0
Mature,RP,06/15/20,0,18250
Init,RRP,06/16/20,1,4000
Init,RP,06/16/20,0,0
Init,RP,06/16/20,0,0
Mature,RRP,06/16/20,3,3
Mature,RP,06/16/20,0,14750
Mature,RP,06/16/20,0,500
Init,RRP,06/17/20,1,1
Init,RP,06/17/20,0,24
Init,RP,06/17/20,0,0
Mature,RRP,06/17/20,1,4000
Mature,RP,06/17/20,0,0
Init,RRP,06/18/20,1,1
Init,RP,06/18/20,0,0
Mature,RRP,06/18/20,1,1
Mature,RP,06/18/20,0,24
Mature,RP,06/18/20,0,0
Init,RRP,06/19/20,1,1
Init,RP,06/19/20,0,0
Mature,RRP,06/19/20,1,1
Mature,RP,06/19/20,0,0
Mature,RP,06/19/20,0,0
Init,RP,06/22/20,0,0
Init,RRP,06/22/20,1,10
Mature,RRP,06/22/20,1,1
Mature,RP,06/22/20,0,0
Init,RP,06/23/20,0,0
Init,RRP,06/23/20,2,11
Init,RP,06/23/20,0,0
Mature,RP,06/23/20,0,0
Mature,RRP,06/23/20,1,10
Mature,RP,06/23/20,0,1300
Init,RP,06/24/20,0,0
Init,RRP,06/24/20,1,1
Mature,RP,06/24/20,0,0
Mature,RRP,06/24/20,2,11
Init,RP,06/25/20,0,0
Init,RRP,06/25/20,1,1
Mature,RP,06/25/20,0,0
Mature,RRP,06/25/20,1,1
Init,RP,06/26/20,0,0
Init,RRP,06/26/20,1,200
Mature,RP,06/26/20,0,0
Mature,RRP,06/26/20,1,1
Mature,RP,06/26/20,0,0
Init,RP,06/29/20,0,6500
Init,RRP,06/29/20,1,250
Mature,RP,06/29/20,0,0
Mature,RRP,06/29/20,1,200
Init,RP,06/30/20,0,0
Init,RRP,06/30/20,1,950
Init,RP,06/30/20,0,0
Mature,RP,06/30/20,0,6500
Mature,RRP,06/30/20,1,250
Mature,RP,06/30/20,0,0
Init,RP,07/01/20,0,0
Init,RRP,07/01/20,2,2
Mature,RP,07/01/20,0,0
Mature,RRP,07/01/20,1,950
Init,RP,07/02/20,0,2500
Init,RRP,07/02/20,0,0
Mature,RP,07/02/20,0,0
Mature,RRP,07/02/20,2,2
Mature,RP,07/03/20,0,0
Init,RP,07/06/20,0,0
Init,RRP,07/06/20,0,0
Mature,RP,07/06/20,0,2500
Mature,RRP,07/06/20,0,0
Init,RP,07/07/20,0,0
Init,RRP,07/07/20,3,3
Init,RP,07/07/20,0,0
Mature,RP,07/07/20,0,0
Mature,RRP,07/07/20,0,0
Mature,RP,07/07/20,0,16700
Init,RP,07/08/20,0,0
Init,RRP,07/08/20,1,1
Mature,RP,07/08/20,0,0
Mature,RRP,07/08/20,3,3
Init,RP,07/09/20,0,0
Init,RRP,07/09/20,0,0
Mature,RP,07/09/20,0,0
Mature,RRP,07/09/20,1,1
Init,RP,07/10/20,0,0
Init,RRP,07/10/20,0,0
Mature,RP,07/10/20,0,0
Mature,RRP,07/10/20,0,0
Init,RP,07/13/20,0,0
Init,RRP,07/13/20,1,1
Mature,RP,07/13/20,0,0
Mature,RRP,07/13/20,0,0
Init,RP,07/14/20,0,0
Init,RRP,07/14/20,1,1
Init,RP,07/14/20,0,0
Mature,RP,07/14/20,0,0
Mature,RRP,07/14/20,1,1
Mature,RP,07/14/20,0,0
Init,RP,07/15/20,0,0
Init,RRP,07/15/20,1,1
Mature,RP,07/15/20,0,0
Mature,RRP,07/15/20,1,1
Init,RP,07/16/20,0,0
Init,RRP,07/16/20,1,1
Mature,RP,07/16/20,0,0
Mature,RRP,07/16/20,1,1
Init,RP,07/17/20,0,0
Init,RRP,07/17/20,0,0
Mature,RP,07/17/20,0,0
Mature,RRP,07/17/20,1,1
Mature,RP,07/17/20,0,0
Init,RP,07/20/20,0,0
Init,RRP,07/20/20,3,3
Mature,RP,07/20/20,0,0
Mature,RRP,07/20/20,0,0
Init,RP,07/21/20,0,0
Init,RRP,07/21/20,0,0
Init,RP,07/21/20,0,0
Mature,RP,07/21/20,0,0
Mature,RRP,07/21/20,3,3
Mature,RP,07/21/20,0,0
Init,RP,07/22/20,0,0
Init,RRP,07/22/20,0,0
Mature,RP,07/22/20,0,0
Mature,RRP,07/22/20,0,0
Init,RP,07/23/20,0,0
Init,RRP,07/23/20,0,0
Mature,RP,07/23/20,0,0
Mature,RRP,07/23/20,0,0
Init,RP,07/24/20,0,0
Init,RRP,07/24/20,0,0
Mature,RP,07/24/20,0,0
Mature,RRP,07/24/20,0,0
Init,RP,07/27/20,0,0
Init,RRP,07/27/20,0,0
Mature,RP,07/27/20,0,0
Mature,RRP,07/27/20,0,0
Init,RP,07/28/20,0,0
Init,RRP,07/28/20,0,0
Init,RP,07/28/20,0,0
Mature,RP,07/28/20,0,0
Mature,RRP,07/28/20,0,0
Mature,RP,07/28/20,0,0
Init,RP,07/29/20,0,0
Init,RRP,07/29/20,1,1
Mature,RP,07/29/20,0,0
Mature,RRP,07/29/20,0,0
Init,RP,07/30/20,0,0
Init,RRP,07/30/20,8,307
Mature,RP,07/30/20,0,0
Mature,RRP,07/30/20,1,1
Init,RP,07/31/20,0,0
Init,RRP,07/31/20,1,150
Mature,RP,07/31/20,0,0
Mature,RRP,07/31/20,8,307
Mature,RP,07/31/20,0,0
Init,RP,08/03/20,0,0
Init,RRP,08/03/20,0,0
Mature,RP,08/03/20,0,0
Mature,RRP,08/03/20,1,150
Init,RP,08/04/20,0,0
Init,RRP,08/04/20,1,5
Init,RP,08/04/20,0,0
Mature,RP,08/04/20,0,0
Mature,RRP,08/04/20,0,0
Mature,RP,08/04/20,0,0
Init,RP,08/05/20,0,0
Init,RRP,08/05/20,0,0
Mature,RP,08/05/20,0,0
Mature,RRP,08/05/20,1,5
Init,RP,08/06/20,0,0
Init,RRP,08/06/20,0,0
Mature,RP,08/06/20,0,0
Mature,RRP,08/06/20,0,0
Init,RP,08/07/20,0,0
Init,RRP,08/07/20,0,0
Mature,RP,08/07/20,0,0
Mature,RRP,08/07/20,0,0
Init,RP,08/10/20,0,0
Init,RRP,08/10/20,8,8
Mature,RP,08/10/20,0,0
Mature,RRP,08/10/20,0,0
Init,RP,08/11/20,0,0
Init,RRP,08/11/20,0,0
Init,RP,08/11/20,0,0
Mature,RP,08/11/20,0,0
Mature,RRP,08/11/20,8,8
Mature,RP,08/11/20,0,0
Init,RP,08/12/20,0,0
Init,RRP,08/12/20,4,103
Mature,RP,08/12/20,0,0
Mature,RRP,08/12/20,0,0
Init,RP,08/13/20,0,0
Init,RRP,08/13/20,23,126
Mature,RP,08/13/20,0,0
Mature,RRP,08/13/20,4,103
Mature,RP,08/14/20,0,0
Mature,RRP,08/14/20,23,126
Mature,RP,08/18/20,0,0
Mature,RP,08/25/20,0,0
Mature,RP,09/01/20,0,0
Mature,RP,09/08/20,0,0
